1,Yvonne,1
2,Denise,1
3,Vivian,1
4,Livia,1
5,Edward,1
6,Shirley,1
7,Paul,1
8,Jamie,1
9,Susu,1
10,Eric,1
11,Hank,1
12,Victor,1
13,Barry,1
14,Kos,1
15,Joy,1
16,Mei,1
17,Yan,1
18,Patty,1
19,CK,1
20,Jean,1
21,Sam,1
22,Marco,1
23,Luna,1
24,Chloe,1
25,Janet,1
26,William,1
27,Austin,1
28,Alan,1
29,Andy,1
30,Roland,1
31,Shun,1
32,Richard,1
33,Hannah,1
34,Janus,1
35,Kason,1
36,Jason(楊),1
37,Jerome,1
38,Lion,1
39,Edward,1
40,Sindia,1
41,Benson,1
42,Nicky,1
43,Kai,1
44,Jassi,1
45,Peggy,1
46,Trina,1
47,Ray,1
48,Mike,1
49,Jeffery,1
50,Max,1
51,Jacky,1
52,Pony,1
53,Patrick,1
54,Frank,1
55,Abner,1
56,Jason,1
57,Ricky,1
58,Aaron,1
59,Aaron(李),1
60,Danny,1
61,Carol,1
62,Linda,1
63,Leo,1
64,Wemin,1
65,Ting,1
66,Damon,1
67,Howard,1
68,Malclom,1
69,Chris,1
70,Jeff,1